Workbook

Sheet Лист2
A3: Названия строк | B3: Сумма по полю purchase_amount | F3: Месяц | G3: с покупкой | H3: без покупки
A4: 1 | B4: 33009.18 | F4: январь | G4: 325 | H4: 569
A5: 2 | B5: 26399.06 | F5: февраль | G5: 281 | H5: 483
A6: 3 | B6: 28658.52 | F6: март | G6: 316 | H6: 526
A7: 4 | B7: 28792.18 | F7: апрель | G7: 304 | H7: 546
A8: 5 | B8: 30223 | F8: май | G8: 316 | H8: 550
A9: 6 | B9: 27556.91 | F9: июнь | G9: 278 | H9: 506
A10: Общий итог | B10: 174638.85
F11: Месяц | G11: сумма продажи
F12: январь | G12: 33009.18
A13: purchase_amount | B13: (несколько элементов) | F13: февраль | G13: 26399.06
F14: март | G14: 28658.52
A15: Названия строк | B15: Количество по полю purchase_amount | F15: апрель | G15: 28792.18
A16: 1 | B16: 325 | F16: май | G16: 30223
A17: 2 | B17: 281 | F17: июнь | G17: 27556.91
A18: 3 | B18: 316
A19: 4 | B19: 304
A20: 5 | B20: 316
A21: 6 | B21: 278
A22: Общий итог | B22: 1820

Sheet Лист5
A3: Названия строк | B3: Сумма по полю purchase_amount
A4: Email | B4: 26272.25
A5: Organic | B5: 74693.91
A6: PaidAds | B6: 53425.14
A7: Referral | B7: 20247.55
A8: Общий итог | B8: 174638.85

Sheet datasetExcel
A1: customer_id | B1: date | C1: age | D1: gender | E1: region | F1: traffic_source | G1: campaign | H1: time_on_site_s | I1: pages_visited | J1: converted | K1: purchase_amount | L1: num_items | M1: delivery_time_days | N1: satisfaction | O1: Месяц | R1: Характериситка | S1: =K1 -> purchase_amount | T1: =H1 -> time_on_site_s | U1: =I1 -> pages_visited | V1: =M1 -> delivery_time_days | W1: =N1 -> satisfaction
A2: 2295 | B2: 45658 | C2: 30 | D2: Male | E2: South | F2: Organic | H2: 373.7 | I2: 8 | J2: 1 | K2: 43 | L2: 5 | M2: 9 | N2: 4 | O2: =MONTH(B2) -> 1 | R2: Диапазон от: | S2: =MIN(datasetExcel!K:K) -> 0 | T2: =MIN(datasetExcel!H:H) -> 1 | U2: =MIN(datasetExcel!I:I) -> 1 | V2: =MIN(datasetExcel!M:M) -> 0 | W2: =MIN(datasetExcel!N:N) -> 2
A3: 2903 | B3: 45658 | C3: 55 | D3: Female | E3: South | F3: PaidAds | G3: CAMP3 | H3: 1407.9 | I3: 3 | J3: 1 | K3: 294 | L3: 3 | M3: 12 | N3: 5 | O3: =MONTH(B3) -> 1 | R3: Диапазон до: | S3: =MAX(datasetExcel!K:K) -> 1419.3 | T3: =MAX(datasetExcel!H:H) -> 2235.3 | U3: =MAX(datasetExcel!I:I) -> 18 | V3: =MAX(datasetExcel!M:M) -> 15 | W3: =MAX(datasetExcel!N:N) -> 5
A4: 1922 | B4: 45658 | C4: 21 | D4: Female | E4: North | F4: Referral | H4: 493 | I4: 5 | J4: 1 | K4: 81.55 | L4: 4 | M4: 14 | N4: 4 | O4: =MONTH(B4) -> 1 | R4: Среднее | S4: =AVERAGE(datasetExcel!K:K) -> 34.92777 | T4: =AVERAGE(datasetExcel!H:H) -> 361.8725 | U4: =AVERAGE(datasetExcel!I:I) -> 5.9884 | V4: =AVERAGE(datasetExcel!M:M) -> 2.8718 | W4: =AVERAGE(datasetExcel!N:N) -> 4.0950549
A5: 3627 | B5: 45658 | C5: 44 | D5: Male | E5: South | F5: Organic | H5: 784.2 | I5: 13 | J5: 1 | K5: 60.45 | L5: 2 | M5: 5 | N5: 3 | O5: =MONTH(B5) -> 1 | R5: Медиана | S5: =MEDIAN(datasetExcel!K:K) -> 0 | T5: =MEDIAN(datasetExcel!H:H) -> 305.45 | U5: =MEDIAN(datasetExcel!I:I) -> 6 | V5: =MEDIAN(datasetExcel!M:M) -> 0 | W5: =MEDIAN(datasetExcel!N:N) -> 4
A6: 2605 | B6: 45658 | C6: 22 | D6: Male | E6: East | F6: Organic | H6: 1090.9 | I6: 9 | J6: 1 | K6: 45.87 | L6: 4 | M6: 1 | N6: 4 | O6: =MONTH(B6) -> 1 | R6: Дисперсия | S6: =VARP(datasetExcel!K:K) -> 7613.5259 | T6: =VARP(datasetExcel!H:H) -> 65269.403 | U6: =VARP(datasetExcel!I:I) -> 5.0626654 | V6: =VARP(datasetExcel!M:M) -> 20.924165 | W6: =VARP(datasetExcel!N:N) -> 0.41459093
A7: 3218 | B7: 45658 | C7: 32 | D7: Male | E7: North | F7: Email | H7: 1417.7 | I7: 6 | J7: 1 | K7: 41.92 | L7: 3 | M7: 13 | N7: 5 | O7: =MONTH(B7) -> 1 | R7: Коэффицент вариации | S7: =STDEV(datasetExcel!K:K)/AVERAGE(datasetExcel!K:K) -> 2.4984202 | T7: =STDEV(datasetExcel!H:H)/AVERAGE(datasetExcel!H:H) -> 0.70606173 | U7: =STDEV(datasetExcel!I:I)/AVERAGE(datasetExcel!I:I) -> 0.37577012 | V7: =STDEV(datasetExcel!M:M)/AVERAGE(datasetExcel!M:M) -> 1.5929909 | W7: =STDEV(datasetExcel!N:N)/AVERAGE(datasetExcel!N:N) -> 0.15727855
A8: 822 | B8: 45658 | C8: 27 | D8: Male | E8: East | F8: Email | H8: 253 | I8: 4 | J8: 1 | K8: 32.4 | L8: 3 | M8: 9 | N8: 5 | O8: =MONTH(B8) -> 1
A9: 73 | B9: 45658 | C9: 25 | D9: Female | E9: South | F9: Email | H9: 276.1 | I9: 9 | J9: 1 | K9: 23.42 | L9: 2 | M9: 4 | N9: 4 | O9: =MONTH(B9) -> 1
A10: 1902 | B10: 45658 | C10: 18 | D10: Female | E10: West | F10: Organic | H10: 436 | I10: 1 | J10: 1 | K10: 23.34 | L10: 5 | M10: 8 | N10: 5 | O10: =MONTH(B10) -> 1
A11: 4979 | B11: 45658 | C11: 67 | D11: Male | E11: East | F11: Organic | H11: 198.9 | I11: 4 | J11: 1 | K11: 20.94 | L11: 7 | M11: 9 | N11: 5 | O11: =MONTH(B11) -> 1
A12: 1427 | B12: 45658 | C12: 23 | D12: Male | E12: North | F12: Organic | H12: 80.3 | I12: 6 | J12: 1 | K12: 20.31 | L12: 4 | M12: 8 | N12: 5 | O12: =MONTH(B12) -> 1
A13: 2633 | B13: 45658 | C13: 36 | D13: Female | E13: South | F13: PaidAds | G13: CAMP5 | H13: 483.7 | I13: 3 | J13: 0 | K13: 0 | L13: 0 | M13: 0 | O13: =MONTH(B13) -> 1
A14: 4777 | B14: 45658 | C14: 55 | D14: Male | E14: South | F14: Organic | H14: 466.4 | I14: 7 | J14: 0 | K14: 0 | L14: 0 | M14: 0 | O14: =MONTH(B14) -> 1
A15: 4412 | B15: 45658 | C15: 58 | D15: Male | E15: South | F15: PaidAds | G15: CAMP3 | H15: 454 | I15: 3 | J15: 0 | K15: 0 | L15: 0 | M15: 0 | O15: =MONTH(B15) -> 1
A16: 2328 | B16: 45658 | C16: 39 | D16: Female | E16: East | F16: Organic | H16: 180.4 | I16: 11 | J16: 0 | K16: 0 | L16: 0 | M16: 0 | O16: =MONTH(B16) -> 1
A17: 4152 | B17: 45658 | C17: 45 | D17: Male | E17: North | F17: Organic | H17: 168.2 | I17: 5 | J17: 0 | K17: 0 | L17: 0 | M17: 0 | O17: =MONTH(B17) -> 1
A18: 4130 | B18: 45658 | C18: 57 | D18: Male | E18: West | F18: PaidAds | G18: CAMP2 | H18: 131 | I18: 7 | J18: 0 | K18: 0 | L18: 0 | M18: 0 | O18: =MONTH(B18) -> 1
A19: 2612 | B19: 45658 | C19: 29 | D19: Other | E19: East | F19: Email | H19: 128.2 | I19: 4 | J19: 0 | K19: 0 | L19: 0 | M19: 0 | O19: =MONTH(B19) -> 1
A20: 2912 | B20: 45658 | C20: 21 | D20: Female | E20: East | F20: Organic | H20: 114.4 | I20: 2 | J20: 0 | K20: 0 | L20: 0 | M20: 0 | O20: =MONTH(B20) -> 1
A21: 2715 | B21: 45658 | C21: 25 | D21: Male | E21: East | F21: Organic | H21: 88.4 | I21: 8 | J21: 0 | K21: 0 | L21: 0 | M21: 0 | O21: =MONTH(B21) -> 1
A22: 209 | B22: 45658 | C22: 25 | D22: Female | E22: East | F22: Organic | H22: 88.2 | I22: 8 | J22: 0 | K22: 0 | L22: 0 | M22: 0 | O22: =MONTH(B22) -> 1
A23: 4726 | B23: 45658 | C23: 43 | D23: Male | E23: East | F23: PaidAds | G23: CAMP4 | H23: 61.7 | I23: 7 | J23: 0 | K23: 0 | L23: 0 | M23: 0 | O23: =MONTH(B23) -> 1
A24: 3318 | B24: 45658 | C24: 55 | D24: Female | E24: North | F24: Email | H24: 36.4 | I24: 8 | J24: 0 | K24: 0 | L24: 0 | M24: 0 | O24: =MONTH(B24) -> 1
A25: 953 | B25: 45689 | C25: 20 | D25: Male | E25: North | F25: Referral | H25: 154.1 | I25: 4 | J25: 1 | K25: 289 | L25: 2 | M25: 7 | N25: 4 | O25: =MONTH(B25) -> 2
A26: 1625 | B26: 45689 | C26: 30 | D26: Female | E26: South | F26: PaidAds | G26: CAMP5 | H26: 315.3 | I26: 2 | J26: 1 | K26: 156.98 | L26: 4 | M26: 10 | N26: 3 | O26: =MONTH(B26) -> 2
A27: 1863 | B27: 45689 | C27: 44 | D27: Female | E27: South | F27: Organic | H27: 550.2 | I27: 3 | J27: 1 | K27: 38.58 | L27: 1 | M27: 12 | N27: 3 | O27: =MONTH(B27) -> 2
A28: 318 | B28: 45689 | C28: 21 | D28: Male | E28: West | F28: Organic | H28: 944.8 | I28: 8 | J28: 1 | K28: 37.2 | L28: 2 | M28: 2 | N28: 5 | O28: =MONTH(B28) -> 2
A29: 2860 | B29: 45689 | C29: 28 | D29: Male | E29: South | F29: PaidAds | G29: CAMP3 | H29: 145.8 | I29: 4 | J29: 1 | K29: 29.49 | L29: 4 | M29: 4 | N29: 4 | O29: =MONTH(B29) -> 2
A30: 3592 | B30: 45689 | C30: 31 | D30: Female | E30: South | F30: Organic | H30: 518.4 | I30: 7 | J30: 1 | K30: 24.62 | L30: 5 | M30: 11 | N30: 4 | O30: =MONTH(B30) -> 2
A31: 4420 | B31: 45689 | C31: 53 | D31: Female | E31: East | F31: Email | H31: 476.9 | I31: 6 | J31: 1 | K31: 16.76 | L31: 3 | M31: 13 | N31: 5 | O31: =MONTH(B31) -> 2
A32: 4104 | B32: 45689 | C32: 58 | D32: Female | E32: East | F32: Organic | H32: 939.6 | I32: 6 | J32: 0 | K32: 0 | L32: 0 | M32: 0 | O32: =MONTH(B32) -> 2
A33: 176 | B33: 45689 | C33: 18 | D33: Male | E33: North | F33: Referral | H33: 806.4 | I33: 5 | J33: 0 | K33: 0 | L33: 0 | M33: 0 | O33: =MONTH(B33) -> 2
A34: 240 | B34: 45689 | C34: 22 | D34: Male | E34: East | F34: Organic | H34: 770.5 | I34: 9 | J34: 0 | K34: 0 | L34: 0 | M34: 0 | O34: =MONTH(B34) -> 2
A35: 3677 | B35: 45689 | C35: 24 | D35: Female | E35: South | F35: PaidAds | G35: CAMP4 | H35: 682.3 | I35: 7 | J35: 0 | K35: 0 | L35: 0 | M35: 0 | O35: =MONTH(B35) -> 2
A36: 2173 | B36: 45689 | C36: 33 | D36: Female | E36: East | F36: Referral | H36: 509.9 | I36: 4 | J36: 0 | K36: 0 | L36: 0 | M36: 0 | O36: =MONTH(B36) -> 2
A37: 343 | B37: 45689 | C37: 21 | D37: Female | E37: North | F37: Organic | H37: 487.1 | I37: 6 | J37: 0 | K37: 0 | L37: 0 | M37: 0 | O37: =MONTH(B37) -> 2
A38: 1106 | B38: 45689 | C38: 25 | D38: Female | E38: North | F38: PaidAds | G38: CAMP2 | H38: 457.6 | I38: 5 | J38: 0 | K38: 0 | L38: 0 | M38: 0 | O38: =MONTH(B38) -> 2
A39: 1691 | B39: 45689 | C39: 26 | D39: Female | E39: West | F39: Organic | H39: 411 | I39: 4 | J39: 0 | K39: 0 | L39: 0 | M39: 0 | O39: =MONTH(B39) -> 2
A40: 4316 | B40: 45689 | C40: 52 | D40: Male | E40: South | F40: Referral | H40: 338.2 | I40: 4 | J40: 0 | K40: 0 | L40: 0 | M40: 0 | O40: =MONTH(B40) -> 2
A41: 2152 | B41: 45689 | C41: 28 | D41: Male | E41: South | F41: PaidAds | G41: CAMP4 | H41: 305 | I41: 10 | J41: 0 | K41: 0 | L41: 0 | M41: 0 | O41: =MONTH(B41) -> 2
A42: 1446 | B42: 45689 | C42: 18 | D42: Female | E42: East | F42: Organic | H42: 296.6 | I42: 8 | J42: 0 | K42: 0 | L42: 0 | M42: 0 | O42: =MONTH(B42) -> 2
A43: 3620 | B43: 45689 | C43: 26 | D43: Male | E43: East | F43: Organic | H43: 296.3 | I43: 3 | J43: 0 | K43: 0 | L43: 0 | M43: 0 | O43: =MONTH(B43) -> 2
A44: 3799 | B44: 45689 | C44: 57 | D44: Female | E44: East | F44: Organic | H44: 286.1 | I44: 10 | J44: 0 | K44: 0 | L44: 0 | M44: 0 | O44: =MONTH(B44) -> 2
A45: 1809 | B45: 45689 | C45: 35 | D45: Female | E45: South | F45: Email | H45: 269.9 | I45: 3 | J45: 0 | K45: 0 | L45: 0 | M45: 0 | O45: =MONTH(B45) -> 2
A46: 1096 | B46: 45689 | C46: 22 | D46: Female | E46: South | F46: PaidAds | G46: CAMP3 | H46: 256.6 | I46: 8 | J46: 0 | K46: 0 | L46: 0 | M46: 0 | O46: =MONTH(B46) -> 2
A47: 598 | B47: 45689 | C47: 29 | D47: Female | E47: West | F47: Organic | H47: 217 | I47: 7 | J47: 0 | K47: 0 | L47: 0 | M47: 0 | O47: =MONTH(B47) -> 2
A48: 388 | B48: 45689 | C48: 23 | D48: Female | E48: South | F48: Email | H48: 193.1 | I48: 7 | J48: 0 | K48: 0 | L48: 0 | M48: 0 | O48: =MONTH(B48) -> 2
A49: 4511 | B49: 45689 | C49: 41 | D49: Male | E49: West | F49: Referral | H49: 187.2 | I49: 7 | J49: 0 | K49: 0 | L49: 0 | M49: 0 | O49: =MONTH(B49) -> 2
A50: 603 | B50: 45689 | C50: 27 | D50: Male | E50: South | F50: PaidAds | G50: CAMP6 | H50: 146.7 | I50: 5 | J50: 0 | K50: 0 | L50: 0 | M50: 0 | O50: =MONTH(B50) -> 2
A51: 4171 | B51: 45689 | C51: 32 | D51: Female | E51: North | F51: Email | H51: 128.1 | I51: 5 | J51: 0 | K51: 0 | L51: 0 | M51: 0 | O51: =MONTH(B51) -> 2
A52: 671 | B52: 45689 | C52: 32 | D52: Female | E52: East | F52: Organic | H52: 116.3 | I52: 7 | J52: 0 | K52: 0 | L52: 0 | M52: 0 | O52: =MONTH(B52) -> 2
A53: 834 | B53: 45689 | C53: 29 | D53: Male | E53: South | F53: Organic | H53: 105.6 | I53: 8 | J53: 0 | K53: 0 | L53: 0 | M53: 0 | O53: =MONTH(B53) -> 2
A54: 1679 | B54: 45689 | C54: 23 | D54: Female | E54: East | F54: PaidAds | G54: CAMP7 | H54: 90.6 | I54: 6 | J54: 0 | K54: 0 | L54: 0 | M54: 0 | O54: =MONTH(B54) -> 2
A55: 3586 | B55: 45717 | C55: 32 | D55: Female | E55: East | F55: Organic | H55: 344.7 | I55: 7 | J55: 1 | K55: 157.19 | L55: 3 | M55: 11 | N55: 4 | O55: =MONTH(B55) -> 3
A56: 83 | B56: 45717 | C56: 22 | D56: Female | E56: West | F56: Organic | H56: 317.7 | I56: 12 | J56: 1 | K56: 96.31 | L56: 3 | M56: 5 | N56: 4 | O56: =MONTH(B56) -> 3
A57: 418 | B57: 45717 | C57: 28 | D57: Male | E57: East | F57: Organic | H57: 583.6 | I57: 9 | J57: 1 | K57: 91.56 | L57: 1 | M57: 4 | N57: 3 | O57: =MONTH(B57) -> 3
A58: 1949 | B58: 45717 | C58: 33 | D58: Male | E58: North | F58: PaidAds | G58: CAMP6 | H58: 447.5 | I58: 6 | J58: 1 | K58: 67.61 | L58: 7 | M58: 10 | N58: 4 | O58: =MONTH(B58) -> 3
A59: 3824 | B59: 45717 | C59: 50 | D59: Other | E59: East | F59: Organic | H59: 594.3 | I59: 8 | J59: 1 | K59: 45.03 | L59: 4 | M59: 9 | N59: 4 | O59: =MONTH(B59) -> 3
A60: 2288 | B60: 45717 | C60: 30 | D60: Male | E60: East | F60: Organic | H60: 738.8 | I60: 11 | J60: 1 | K60: 40.79 | L60: 1 | M60: 9 | N60: 3 | O60: =MONTH(B60) -> 3
A61: 2881 | B61: 45717 | C61: 28 | D61: Female | E61: West | F61: Referral | H61: 318.3 | I61: 6 | J61: 1 | K61: 39.94 | L61: 3 | M61: 2 | N61: 4 | O61: =MONTH(B61) -> 3
A62: 3024 | B62: 45717 | C62: 39 | D62: Male | E62: East | F62: PaidAds | G62: CAMP1 | H62: 593.6 | I62: 6 | J62: 1 | K62: 37.02 | L62: 1 | M62: 15 | N62: 4 | O62: =MONTH(B62) -> 3
A63: 4047 | B63: 45717 | C63: 53 | D63: Male | E63: North | F63: PaidAds | G63: CAMP3 | H63: 515.7 | I63: 8 | J63: 1 | K63: 35.09 | L63: 5 | M63: 8 | N63: 4 | O63: =MONTH(B63) -> 3
A64: 4998 | B64: 45717 | C64: 48 | D64: Female | E64: South | F64: Email | H64: 837.2 | I64: 5 | J64: 1 | K64: 16.94 | L64: 4 | M64: 12 | N64: 4 | O64: =MONTH(B64) -> 3
A65: 1615 | B65: 45717 | C65: 25 | D65: Female | E65: East | F65: Organic | H65: 165 | I65: 4 | J65: 1 | K65: 16.35 | L65: 3 | M65: 8 | N65: 4 | O65: =MONTH(B65) -> 3
A66: 4637 | B66: 45717 | C66: 27 | D66: Female | E66: South | F66: Email | H66: 693.4 | I66: 7 | J66: 0 | K66: 0 | L66: 0 | M66: 0 | O66: =MONTH(B66) -> 3
A67: 4790 | B67: 45717 | C67: 49 | D67: Male | E67: North | F67: Referral | H67: 572.1 | I67: 6 | J67: 0 | K67: 0 | L67: 0 | M67: 0 | O67: =MONTH(B67) -> 3
A68: 4917 | B68: 45717 | C68: 34 | D68: Male | E68: South | F68: Organic | H68: 497.8 | I68: 7 | J68: 0 | K68: 0 | L68: 0 | M68: 0 | O68: =MONTH(B68) -> 3
A69: 2070 | B69: 45717 | C69: 39 | D69: Male | E69: West | F69: Organic | H69: 335.2 | I69: 5 | J69: 0 | K69: 0 | L69: 0 | M69: 0 | O69: =MONTH(B69) -> 3
A70: 4627 | B70: 45717 | C70: 54 | D70: Female | E70: North | F70: Organic | H70: 332.2 | I70: 6 | J70: 0 | K70: 0 | L70: 0 | M70: 0 | O70: =MONTH(B70) -> 3
A71: 2891 | B71: 45717 | C71: 26 | D71: Male | E71: East | F71: PaidAds | G71: CAMP2 | H71: 248.3 | I71: 7 | J71: 0 | K71: 0 | L71: 0 | M71: 0 | O71: =MONTH(B71) -> 3
A72: 584 | B72: 45717 | C72: 31 | D72: Female | E72: West | F72: PaidAds | G72: CAMP5 | H72: 199.9 | I72: 10 | J72: 0 | K72: 0 | L72: 0 | M72: 0 | O72: =MONTH(B72) -> 3
A73: 4095 | B73: 45717 | C73: 34 | D73: Male | E73: East | F73: Organic | H73: 161 | I73: 3 | J73: 0 | K73: 0 | L73: 0 | M73: 0 | O73: =MONTH(B73) -> 3
A74: 4240 | B74: 45717 | C74: 53 | D74: Male | E74: North | F74: Organic | H74: 56.4 | I74: 9 | J74: 0 | K74: 0 | L74: 0 | M74: 0 | O74: =MONTH(B74) -> 3
A75: 849 | B75: 45748 | C75: 24 | D75: Male | E75: South | F75: Organic | H75: 365.7 | I75: 5 | J75: 1 | K75: 204.32 | L75: 4 | M75: 4 | N75: 5 | O75: =MONTH(B75) -> 4
A76: 3554 | B76: 45748 | C76: 31 | D76: Female | E76: North | F76: Organic | H76: 479.6 | I76: 7 | J76: 1 | K76: 109.36 | L76: 2 | M76: 6 | N76: 3 | O76: =MONTH(B76) -> 4
A77: 3457 | B77: 45748 | C77: 38 | D77: Male | E77: South | F77: PaidAds | G77: CAMP6 | H77: 89.1 | I77: 7 | J77: 1 | K77: 80.47 | L77: 3 | M77: 7 | N77: 5 | O77: =MONTH(B77) -> 4
A78: 276 | B78: 45748 | C78: 23 | D78: Male | E78: East | F78: Referral | H78: 110.7 | I78: 6 | J78: 1 | K78: 75.97 | L78: 2 | M78: 14 | N78: 3 | O78: =MONTH(B78) -> 4
A79: 2648 | B79: 45748 | C79: 37 | D79: Female | E79: South | F79: Organic | H79: 267.6 | I79: 2 | J79: 1 | K79: 69.04 | L79: 2 | M79: 2 | N79: 3 | O79: =MONTH(B79) -> 4
A80: 3164 | B80: 45748 | C80: 32 | D80: Male | E80: South | F80: Referral | H80: 324.5 | I80: 6 | J80: 1 | K80: 62.57 | L80: 4 | M80: 12 | N80: 3 | O80: =MONTH(B80) -> 4
A81: 2415 | B81: 45748 | C81: 52 | D81: Female | E81: South | F81: Referral | H81: 306 | I81: 8 | J81: 1 | K81: 58.74 | L81: 3 | M81: 9 | N81: 3 | O81: =MONTH(B81) -> 4
A82: 2988 | B82: 45748 | C82: 26 | D82: Male | E82: East | F82: Organic | H82: 387.4 | I82: 7 | J82: 1 | K82: 46.19 | L82: 2 | M82: 4 | N82: 5 | O82: =MONTH(B82) -> 4
A83: 2583 | B83: 45748 | C83: 44 | D83: Female | E83: North | F83: Organic | H83: 126.5 | I83: 4 | J83: 1 | K83: 43.82 | L83: 1 | M83: 15 | N83: 4 | O83: =MONTH(B83) -> 4
A84: 2122 | B84: 45748 | C84: 54 | D84: Female | E84: North | F84: Email | H84: 393.6 | I84: 5 | J84: 1 | K84: 43.34 | L84: 3 | M84: 15 | N84: 4 | O84: =MONTH(B84) -> 4
A85: 3202 | B85: 45748 | C85: 22 | D85: Male | E85: South | F85: Referral | H85: 643 | I85: 5 | J85: 1 | K85: 32.09 | L85: 3 | M85: 1 | N85: 4 | O85: =MONTH(B85) -> 4
A86: 4697 | B86: 45748 | C86: 55 | D86: Other | E86: North | F86: PaidAds | G86: CAMP4 | H86: 410.2 | I86: 7 | J86: 1 | K86: 18.82 | L86: 1 | M86: 12 | N86: 4 | O86: =MONTH(B86) -> 4
A87: 232 | B87: 45748 | C87: 20 | D87: Female | E87: West | F87: Organic | H87: 688.8 | I87: 5 | J87: 0 | K87: 0 | L87: 0 | M87: 0 | O87: =MONTH(B87) -> 4
A88: 3881 | B88: 45748 | C88: 45 | D88: Male | E88: South | F88: PaidAds | G88: CAMP2 | H88: 687.4 | I88: 10 | J88: 0 | K88: 0 | L88: 0 | M88: 0 | O88: =MONTH(B88) -> 4
A89: 403 | B89: 45748 | C89: 22 | D89: Female | E89: East | F89: Organic | H89: 600.8 | I89: 9 | J89: 0 | K89: 0 | L89: 0 | M89: 0 | O89: =MONTH(B89) -> 4
A90: 4112 | B90: 45748 | C90: 45 | D90: Female | E90: West | F90: Organic | H90: 593.7 | I90: 5 | J90: 0 | K90: 0 | L90: 0 | M90: 0 | O90: =MONTH(B90) -> 4
A91: 3734 | B91: 45748 | C91: 29 | D91: Female | E91: West | F91: Organic | H91: 527.4 | I91: 8 | J91: 0 | K91: 0 | L91: 0 | M91: 0 | O91: =MONTH(B91) -> 4
A92: 148 | B92: 45748 | C92: 23 | D92: Female | E92: North | F92: Organic | H92: 526.5 | I92: 6 | J92: 0 | K92: 0 | L92: 0 | M92: 0 | O92: =MONTH(B92) -> 4
A93: 351 | B93: 45748 | C93: 18 | D93: Male | E93: West | F93: PaidAds | G93: CAMP4 | H93: 504.4 | I93: 4 | J93: 0 | K93: 0 | L93: 0 | M93: 0 | O93: =MONTH(B93) -> 4
A94: 4830 | B94: 45748 | C94: 66 | D94: Female | E94: West | F94: Organic | H94: 421.3 | I94: 7 | J94: 0 | K94: 0 | L94: 0 | M94: 0 | O94: =MONTH(B94) -> 4
A95: 3662 | B95: 45748 | C95: 28 | D95: Male | E95: South | F95: PaidAds | G95: CAMP4 | H95: 321.7 | I95: 2 | J95: 0 | K95: 0 | L95: 0 | M95: 0 | O95: =MONTH(B95) -> 4
A96: 4593 | B96: 45748 | C96: 63 | D96: Female | E96: South | F96: Referral | H96: 321.7 | I96: 6 | J96: 0 | K96: 0 | L96: 0 | M96: 0 | O96: =MONTH(B96) -> 4
A97: 609 | B97: 45748 | C97: 32 | D97: Female | E97: East | F97: PaidAds | G97: CAMP2 | H97: 311.9 | I97: 3 | J97: 0 | K97: 0 | L97: 0 | M97: 0 | O97: =MONTH(B97) -> 4
A98: 3247 | B98: 45748 | C98: 33 | D98: Female | E98: North | F98: Referral | H98: 210.6 | I98: 6 | J98: 0 | K98: 0 | L98: 0 | M98: 0 | O98: =MONTH(B98) -> 4
A99: 1692 | B99: 45748 | C99: 26 | D99: Male | E99: East | F99: Email | H99: 189.4 | I99: 5 | J99: 0 | K99: 0 | L99: 0 | M99: 0 | O99: =MONTH(B99) -> 4
A100: 4571 | B100: 45748 | C100: 52 | D100: Female | E100: North | F100: PaidAds | G100: CAMP3 | H100: 175 | I100: 4 | J100: 0 | K100: 0 | L100: 0 | M100: 0 | O100: =MONTH(B100) -> 4
...

Sheet Сводная таблица для А
A1: Переменная | B1: Описание | C1: Тип | T1: time_on_site_s | AH1: purchase_amount
A2: customer_id | B2: ID пользователя. | C2: целое число | K2: pages_visited | T2: =VLOOKUP(T1,$A$1:$B$15,2,0) -> сколько секунд клиент провёл на сайте. | V2: Агрегация по 60 с | AH2: =VLOOKUP(AH1,$A$1:$B$15,2,0) -> сумма покупки | AJ2: Агрегация по 50 с
A3: Date | B3: дата посещения сайта пользователем. | C3: дата (целое число) | E3: Названия строк | F3: Количество по полю satisfaction | K3: =VLOOKUP(K2,$A$1:$B$15,2,0) -> число просмотренных страниц за визит. | T3: 1 | U3: 1 | V3: 0 | W3: =SUMIFS(U:U,T:T,">="&V3,T:T,"<"&V4) -> 174 | AH3: 0 | AI3: 3180 | AJ3: 0 | AK3: =SUMIFS(AI:AI,AH:AH,">="&AJ3,AH:AH,"<"&AJ4) -> 3363
A4: age | B4: возраст пользователя | C4: целое число | E4: 2 | F4: 5 | K4: 1 | L4: 45 | T4: 4 | U4: 1 | V4: 60 | W4: =SUMIFS(U:U,T:T,">="&V4,T:T,"<"&V5) -> 539 | AH4: 1.07 | AI4: 1 | AJ4: 20 | AK4: =SUMIFS(AI:AI,AH:AH,">="&AJ4,AH:AH,"<"&AJ5) -> 465
A5: gender | B5: пол | C5: строка | E5: 3 | F5: 284 | K5: 2 | L5: 332 | T5: 9 | U5: 2 | V5: 120 | W5: =SUMIFS(U:U,T:T,">="&V5,T:T,"<"&V6) -> 620 | AH5: 1.11 | AI5: 1 | AJ5: 40 | AK5: =SUMIFS(AI:AI,AH:AH,">="&AJ5,AH:AH,"<"&AJ6) -> 375
A6: region | B6: регион проживания пользователя | C6: строка | E6: 4 | F6: 1064 | K6: 3 | L6: 1338 | T6: 10 | U6: 2 | V6: 180 | W6: =SUMIFS(U:U,T:T,">="&V6,T:T,"<"&V7) -> 579 | AH6: 7 | AI6: 1 | AJ6: 60 | AK6: =SUMIFS(AI:AI,AH:AH,">="&AJ6,AH:AH,"<"&AJ7) -> 218
A7: traffic_source | B7: источник трафика | C7: строка | E7: 5 | F7: 467 | K7: 4 | L7: 2668 | T7: 12 | U7: 1 | V7: 240 | W7: =SUMIFS(U:U,T:T,">="&V7,T:T,"<"&V8) -> 533 | AH7: 7.02 | AI7: 1 | AJ7: 80 | AK7: =SUMIFS(AI:AI,AH:AH,">="&AJ7,AH:AH,"<"&AJ8) -> 112
A8: campaign | B8: рекламная кампания | C8: строка | E8: (пусто) | K8: 5 | L8: 4290 | T8: 13 | U8: 2 | V8: 300 | W8: =SUMIFS(U:U,T:T,">="&V8,T:T,"<"&V9) -> 537 | AH8: 12 | AI8: 1 | AJ8: 100 | AK8: =SUMIFS(AI:AI,AH:AH,">="&AJ8,AH:AH,"<"&AJ9) -> 96
A9: time_on_site_s | B9: сколько секунд клиент провёл на сайте. | C9: число (с точкой) | K9: 6 | L9: 5406 | T9: 13.2 | U9: 1 | V9: 360 | W9: =SUMIFS(U:U,T:T,">="&V9,T:T,"<"&V10) -> 375 | AH9: 13 | AI9: 2 | AJ9: 120 | AK9: =SUMIFS(AI:AI,AH:AH,">="&AJ9,AH:AH,"<"&AJ10) -> 49
A10: pages_visited | B10: число просмотренных страниц за визит. | C10: целое число | K10: 7 | L10: 5152 | T10: 14 | U10: 2 | V10: 420 | W10: =SUMIFS(U:U,T:T,">="&V10,T:T,"<"&V11) -> 358 | AH10: 13.17 | AI10: 1 | AJ10: 140 | AK10: =SUMIFS(AI:AI,AH:AH,">="&AJ10,AH:AH,"<"&AJ11) -> 53
A11: converted | B11: совершил клиент покупку или нет. | C11: бинарное | K11: 8 | L11: 4304 | T11: 15 | U11: 1 | V11: 480 | W11: =SUMIFS(U:U,T:T,">="&V11,T:T,"<"&V12) -> 298 | AH11: 13.18 | AI11: 1 | AJ11: 160 | AK11: =SUMIFS(AI:AI,AH:AH,">="&AJ11,AH:AH,"<"&AJ12) -> 38
A12: purchase_amount | B12: сумма покупки | C12: число (с точкой) | K12: 9 | L12: 2709 | T12: 16 | U12: 1 | V12: 540 | W12: =SUMIFS(U:U,T:T,">="&V12,T:T,"<"&V13) -> 217 | AH12: 13.19 | AI12: 1 | AJ12: 180 | AK12: =SUMIFS(AI:AI,AH:AH,">="&AJ12,AH:AH,"<"&AJ13) -> 27
A13: num_items | B13: сколько товаров куплено в заказе | C13: целое число | K13: 10 | L13: 1910 | T13: 18 | U13: 1 | V13: 600 | W13: =SUMIFS(U:U,T:T,">="&V13,T:T,"<"&V14) -> 183 | AH13: 13.26 | AI13: 1 | AJ13: 200 | AK13: =SUMIFS(AI:AI,AH:AH,">="&AJ13,AH:AH,"<"&AJ14) -> 19
A14: delivery_time_days | B14: время доставки заказа (дни). | C14: целое число | K14: 11 | L14: 781 | T14: 20 | U14: 1 | V14: 660 | W14: =SUMIFS(U:U,T:T,">="&V14,T:T,"<"&V15) -> 123 | AH14: 13.27 | AI14: 1 | AJ14: 220 | AK14: =SUMIFS(AI:AI,AH:AH,">="&AJ14,AH:AH,"<"&AJ15) -> 15
A15: satisfaction | B15: оценка удовлетворённости клиента. | C15: целое число | K15: 12 | L15: 636 | T15: 22 | U15: 1 | V15: 720 | W15: =SUMIFS(U:U,T:T,">="&V15,T:T,"<"&V16) -> 101 | AH15: 13.34 | AI15: 1 | AJ15: 240 | AK15: =SUMIFS(AI:AI,AH:AH,">="&AJ15,AH:AH,"<"&AJ16) -> 11
K16: 13 | L16: 221 | T16: 23.7 | U16: 1 | V16: 780 | W16: =SUMIFS(U:U,T:T,">="&V16,T:T,"<"&V17) -> 78 | AH16: 13.35 | AI16: 1 | AJ16: 260 | AK16: =SUMIFS(AI:AI,AH:AH,">="&AJ16,AH:AH,"<"&AJ17) -> 13
K17: 14 | L17: 56 | T17: 24.3 | U17: 1 | V17: 840 | W17: =SUMIFS(U:U,T:T,">="&V17,T:T,"<"&V18) -> 74 | AH17: 13.38 | AI17: 1 | AJ17: 280 | AK17: =SUMIFS(AI:AI,AH:AH,">="&AJ17,AH:AH,"<"&AJ18) -> 9
K18: 15 | L18: 60 | T18: 27 | U18: 1 | V18: 900 | W18: =SUMIFS(U:U,T:T,">="&V18,T:T,"<"&V19) -> 58 | AH18: 13.41 | AI18: 1 | AJ18: 300 | AK18: =SUMIFS(AI:AI,AH:AH,">="&AJ18,AH:AH,"<"&AJ19) -> 14
K19: 16 | L19: 16 | T19: 28 | U19: 3 | V19: 960 | W19: =SUMIFS(U:U,T:T,">="&V19,T:T,"<"&V20) -> 43 | AH19: 13.47 | AI19: 1 | AJ19: 320 | AK19: =SUMIFS(AI:AI,AH:AH,">="&AJ19,AH:AH,"<"&AJ20) -> 11
K20: 18 | L20: 18 | T20: 29 | U20: 1 | V20: 1020 | W20: =SUMIFS(U:U,T:T,">="&V20,T:T,"<"&V21) -> 20 | AH20: 13.49 | AI20: 2 | AJ20: 340 | AK20: =SUMIFS(AI:AI,AH:AH,">="&AJ20,AH:AH,"<"&AJ21) -> 12
T21: 29.2 | U21: 1 | V21: 1080 | W21: =SUMIFS(U:U,T:T,">="&V21,T:T,"<"&V22) -> 19 | AH21: 13.5 | AI21: 1 | AJ21: 360 | AK21: =SUMIFS(AI:AI,AH:AH,">="&AJ21,AH:AH,"<"&AJ22) -> 9
T22: 31 | U22: 1 | V22: 1140 | W22: =SUMIFS(U:U,T:T,">="&V22,T:T,"<"&V23) -> 17 | AH22: 13.51 | AI22: 1 | AJ22: 380 | AK22: =SUMIFS(AI:AI,AH:AH,">="&AJ22,AH:AH,"<"&AJ23) -> 9
T23: 31.2 | U23: 1 | V23: 1200 | W23: =SUMIFS(U:U,T:T,">="&V23,T:T,"<"&V24) -> 10 | AH23: 13.52 | AI23: 1 | AJ23: 400 | AK23: =SUMIFS(AI:AI,AH:AH,">="&AJ23,AH:AH,"<"&AJ24) -> 8
K24: delivery_time_days | T24: 32 | U24: 1 | V24: 1260 | W24: =SUMIFS(U:U,T:T,">="&V24,T:T,"<"&V25) -> 13 | AH24: 13.56 | AI24: 2 | AJ24: 420 | AK24: =SUMIFS(AI:AI,AH:AH,">="&AJ24,AH:AH,"<"&AJ25) -> 18
K25: =VLOOKUP(K24,$A$1:$B$15,2,0) -> время доставки заказа (дни). | T25: 32.7 | U25: 1 | V25: 1320 | W25: =SUMIFS(U:U,T:T,">="&V25,T:T,"<"&V26) -> 12 | AH25: 13.68 | AI25: 1 | AJ25: 440 | AK25: =SUMIFS(AI:AI,AH:AH,">="&AJ25,AH:AH,"<"&AJ26) -> 10
K26: 0 | L26: 3180 | T26: 32.8 | U26: 1 | V26: 1380 | W26: =SUMIFS(U:U,T:T,">="&V26,T:T,"<"&V27) -> 4 | AH26: 13.77 | AI26: 1 | AJ26: 460 | AK26: =SUMIFS(AI:AI,AH:AH,">="&AJ26,AH:AH,"<"&AJ27) -> 3
K27: 1 | L27: 105 | T27: 32.9 | U27: 2 | V27: 1440 | W27: =SUMIFS(U:U,T:T,">="&V27,T:T,"<"&V28) -> 2 | AH27: 13.81 | AI27: 1 | AJ27: 480 | AK27: =SUMIFS(AI:AI,AH:AH,">="&AJ27,AH:AH,"<"&AJ28) -> 9
K28: 2 | L28: 133 | T28: 33.2 | U28: 1 | V28: 1500 | W28: =SUMIFS(U:U,T:T,">="&V28,T:T,"<"&V29) -> 3 | AH28: 13.83 | AI28: 1 | AJ28: 500 | AK28: =SUMIFS(AI:AI,AH:AH,">="&AJ28,AH:AH,"<"&AJ29) -> 9
K29: 3 | L29: 123 | T29: 33.3 | U29: 1 | V29: 1560 | W29: =SUMIFS(U:U,T:T,">="&V29,T:T,"<"&V30) -> 2 | AH29: 13.85 | AI29: 2 | AJ29: 520 | AK29: =SUMIFS(AI:AI,AH:AH,">="&AJ29,AH:AH,"<"&AJ30) -> 6
K30: 4 | L30: 127 | T30: 33.4 | U30: 1 | V30: 1620 | W30: =SUMIFS(U:U,T:T,">="&V30,T:T,"<"&V31) -> 2 | AH30: 13.86 | AI30: 1 | AJ30: 540 | AK30: =SUMIFS(AI:AI,AH:AH,">="&AJ30,AH:AH,"<"&AJ31) -> 9
K31: 5 | L31: 124 | T31: 33.9 | U31: 1 | V31: 1680 | W31: =SUMIFS(U:U,T:T,">="&V31,T:T,"<"&V32) -> 2 | AH31: 13.88 | AI31: 1 | AJ31: 560 | AK31: =SUMIFS(AI:AI,AH:AH,">="&AJ31,AH:AH,"<"&AJ32) -> 2
K32: 6 | L32: 137 | T32: 34 | U32: 2 | V32: 1740 | W32: =SUMIFS(U:U,T:T,">="&V32,T:T,"<"&V33) -> 2 | AH32: 14.18 | AI32: 1 | AJ32: 580 | AK32: =SUMIFS(AI:AI,AH:AH,">="&AJ32,AH:AH,"<"&AJ33) -> 2
K33: 7 | L33: 122 | T33: 34.5 | U33: 1 | V33: 1800 | W33: =SUMIFS(U:U,T:T,">="&V33,T:T,"<"&V34) -> 1 | AH33: 14.27 | AI33: 1 | AJ33: 600 | AK33: =SUMIFS(AI:AI,AH:AH,">="&AJ33,AH:AH,"<"&AJ34) -> 0
K34: 8 | L34: 113 | T34: 35 | U34: 1 | V34: 1860 | W34: =SUMIFS(U:U,T:T,">="&V34,T:T,"<"&V35) -> 0 | AH34: 14.34 | AI34: 1 | AJ34: 620 | AK34: =SUMIFS(AI:AI,AH:AH,">="&AJ34,AH:AH,"<"&AJ35) -> 0
K35: 9 | L35: 138 | T35: 35.1 | U35: 1 | V35: 1920 | W35: =SUMIFS(U:U,T:T,">="&V35,T:T,"<"&V36) -> 0 | AH35: 14.36 | AI35: 2 | AJ35: 640 | AK35: =SUMIFS(AI:AI,AH:AH,">="&AJ35,AH:AH,"<"&AJ36) -> 0
K36: 10 | L36: 121 | T36: 35.7 | U36: 1 | V36: 1980 | W36: =SUMIFS(U:U,T:T,">="&V36,T:T,"<"&V37) -> 0 | AH36: 14.38 | AI36: 2 | AJ36: 660 | AK36: =SUMIFS(AI:AI,AH:AH,">="&AJ36,AH:AH,"<"&AJ37) -> 0
K37: 11 | L37: 125 | T37: 35.8 | U37: 1 | V37: 2040 | W37: =SUMIFS(U:U,T:T,">="&V37,T:T,"<"&V38) -> 0 | AH37: 14.43 | AI37: 1 | AJ37: 680 | AK37: =SUMIFS(AI:AI,AH:AH,">="&AJ37,AH:AH,"<"&AJ38) -> 1
... K41: 15 | L41: 100 | T41: 36.4 | U41: 1 | V41: 2280 | W41: =SUMIFS(U:U,T:T,">="&V41,T:T,"<"&V42) -> 0 | AH41: 14.52 | AI41: 1 | AJ41: 760 | AK41: =SUMIFS(AI:AI,AH:AH,">="&AJ41,AH:AH,"<"&AJ42) -> 0
T42: 36.6 | U42: 1 | V42: 2340 | W42: =SUMIFS(U:U,T:T,">="&V42,T:T,"<"&V43) -> 0 | AH42: 14.53 | AI42: 1 | AJ42: 780 | AK42: =SUMIFS(AI:AI,AH:AH,">="&AJ42,AH:AH,"<"&AJ43) -> 0
T43: 36.7 | U43: 2 | V43: 2400 | W43: =SUMIFS(U:U,T:T,">="&V43,T:T,"<"&V44) -> 0 | AH43: 14.57 | AI43: 1 | AJ43: 800 | AK43: =SUMIFS(AI:AI,AH:AH,">="&AJ43,AH:AH,"<"&AJ44) -> 1
T44: 37.2 | U44: 1 | AH44: 14.66 | AI44: 1 | AJ44: 820 | AK44: =SUMIFS(AI:AI,AH:AH,">="&AJ44,AH:AH,"<"&AJ45) -> 0
K45: satisfaction | T45: 37.6 | U45: 2 | AH45: 14.83 | AI45: 1 | AJ45: 840 | AK45: =SUMIFS(AI:AI,AH:AH,">="&AJ45,AH:AH,"<"&AJ46) -> 0
K46: =VLOOKUP(K45,$A$1:$B$15,2,0) -> оценка удовлетворённости клиента. | T46: 37.8 | U46: 2 | AH46: 14.96 | AI46: 1 | AJ46: 860 | AK46: =SUMIFS(AI:AI,AH:AH,">="&AJ46,AH:AH,"<"&AJ47) -> 0
K47: 2 | L47: 5 | T47: 37.9 | U47: 1 | AH47: 14.97 | AI47: 1 | AJ47: 880 | AK47: =SUMIFS(AI:AI,AH:AH,">="&AJ47,AH:AH,"<"&AJ48) -> 0
K48: 3 | L48: 284 | T48: 38.7 | U48: 1 | AH48: 14.99 | AI48: 1 | AJ48: 900 | AK48: =SUMIFS(AI:AI,AH:AH,">="&AJ48,AH:AH,"<"&AJ49) -> 0
K49: 4 | L49: 1064 | T49: 39.2 | U49: 1 | AH49: 15 | AI49: 2 | AJ49: 920 | AK49: =SUMIFS(AI:AI,AH:AH,">="&AJ49,AH:AH,"<"&AJ50) -> 0
K50: 5 | L50: 467 | T50: 39.3 | U50: 1 | AH50: 15.15 | AI50: 2 | AJ50: 940 | AK50: =SUMIFS(AI:AI,AH:AH,">="&AJ50,AH:AH,"<"&AJ51) -> 0
T51: 39.8 | U51: 1 | AH51: 15.18 | AI51: 1 | AJ51: 960 | AK51: =SUMIFS(AI:AI,AH:AH,">="&AJ51,AH:AH,"<"&AJ52) -> 0
T52: 40 | U52: 1 | AH52: 15.24 | AI52: 1 | AJ52: 980 | AK52: =SUMIFS(AI:AI,AH:AH,">="&AJ52,AH:AH,"<"&AJ53) -> 0
T53: 40.1 | U53: 1 | AH53: 15.25 | AI53: 2 | AJ53: 1000 | AK53: =SUMIFS(AI:AI,AH:AH,">="&AJ53,AH:AH,"<"&AJ54) -> 0
T54: 40.7 | U54: 1 | AH54: 15.26 | AI54: 1 | AJ54: 1020 | AK54: =SUMIFS(AI:AI,AH:AH,">="&AJ54,AH:AH,"<"&AJ55) -> 0
T55: 40.9 | U55: 1 | AH55: 15.27 | AI55: 1 | AJ55: 1040 | AK55: =SUMIFS(AI:AI,AH:AH,">="&AJ55,AH:AH,"<"&AJ56) -> 0
T56: 41 | U56: 1 | AH56: 15.39 | AI56: 1 | AJ56: 1060 | AK56: =SUMIFS(AI:AI,AH:AH,">="&AJ56,AH:AH,"<"&AJ57) -> 0
T57: 41.2 | U57: 1 | AH57: 15.42 | AI57: 1 | AJ57: 1080 | AK57: =SUMIFS(AI:AI,AH:AH,">="&AJ57,AH:AH,"<"&AJ58) -> 0
T58: 41.4 | U58: 1 | AH58: 15.43 | AI58: 2 | AJ58: 1100 | AK58: =SUMIFS(AI:AI,AH:AH,">="&AJ58,AH:AH,"<"&AJ59) -> 0
T59: 41.6 | U59: 2 | AH59: 15.45 | AI59: 1 | AJ59: 1120 | AK59: =SUMIFS(AI:AI,AH:AH,">="&AJ59,AH:AH,"<"&AJ60) -> 0
T60: 41.7 | U60: 2 | AH60: 15.55 | AI60: 2 | AJ60: 1140 | AK60: =SUMIFS(AI:AI,AH:AH,">="&AJ60,AH:AH,"<"&AJ61) -> 0
T61: 41.9 | U61: 1 | AH61: 15.57 | AI61: 1 | AJ61: 1160 | AK61: =SUMIFS(AI:AI,AH:AH,">="&AJ61,AH:AH,"<"&AJ62) -> 0
T62: 42 | U62: 1 | AH62: 15.62 | AI62: 1 | AJ62: 1180 | AK62: =SUMIFS(AI:AI,AH:AH,">="&AJ62,AH:AH,"<"&AJ63) -> 0
... T74: 44.2 | U74: 1 | AH74: 15.94 | AI74: 1 | AJ74: 1420 | AK74: =SUMIFS(AI:AI,AH:AH,">="&AJ74,AH:AH,"<"&AJ75) -> 0
T75: 44.6 | U75: 2 | AH75: 15.96 | AI75: 1
T76: 45 | U76: 1 | AH76: 15.98 | AI76: 2
T77: 45.1 | U77: 2 | AH77: 16 | AI77: 1
T78: 45.3 | U78: 1 | AH78: 16.13 | AI78: 1
T79: 45.9 | U79: 1 | AH79: 16.16 | AI79: 1
T80: 46 | U80: 1 | AH80: 16.21 | AI80: 1
T81: 46.5 | U81: 1 | AH81: 16.24 | AI81: 2
T82: 47.4 | U82: 1 | AH82: 16.26 | AI82: 1
T83: 47.5 | U83: 1 | AH83: 16.28 | AI83: 1
T84: 47.6 | U84: 1 | AH84: 16.29 | AI84: 1
T85: 47.7 | U85: 2 | AH85: 16.32 | AI85: 1
T86: 47.9 | U86: 2 | AH86: 16.35 | AI86: 2
... T1650: 306.4 | U1650: 2 | AH1650: 1419.3 | AI1650: 1
T1651: 306.6 | U1651: 5
T1652: 306.8 | U1652: 2
T1653: 306.9 | U1653: 2
T1654: 307 | U1654: 1
T1655: 307.1 | U1655: 1
T1656: 307.2 | U1656: 2
T1657: 307.7 | U1657: 1
T1658: 307.8 | U1658: 2
T1659: 308.2 | U1659: 1
T1660: 309.2 | U1660: 1
T1661: 309.4 | U1661: 2
T1662: 309.5 | U1662: 1
... T3617: 2235.3 | U3617: 1

Sheet Таблицы и визуализация для А
A1: customer_id | B1: ID пользователя. | C1: целое число | E1: Дата-> | F1: Дата | G1: Заходы | I1: Период | J1: =MIN(F:F) -> 45658 | K1: =MAX(F:F) -> 45837
A2: Date | B2: дата посещения сайта пользователем. | C2: дата (целое число) | F2: 45658 | G2: 23 | I2: Среднее количество заходов на сайт за день | J2: =AVERAGE(G:G) -> 27.777778
A3: age | B3: возраст пользователя. | C3: целое число | F3: 45659 | G3: 29
A4: gender | B4: пол | C4: строка | F4: 45660 | G4: 31
A5: region | B5: регион проживания пользователя | C5: строка | F5: 45661 | G5: 26
A6: traffic_source | B6: источник трафика | C6: строка | F6: 45662 | G6: 33
A7: campaign | B7: рекламная кампания | C7: строка | F7: 45663 | G7: 24
A8: time_on_site_s | B8: сколько секунд клиент провёл на сайте. | C8: число (с точкой) | F8: 45664 | G8: 22
A9: pages_visited | B9: число просмотренных страниц за визит. | C9: целое число | F9: 45665 | G9: 38
A10: converted | B10: совершил клиент покупку или нет. | C10: бинарное | F10: 45666 | G10: 23
A11: purchase_amount | B11: сумма покупки | C11: число (с точкой) | F11: 45667 | G11: 30
A12: num_items | B12: сколько товаров куплено в заказе | C12: целое число | F12: 45668 | G12: 32
A13: delivery_time_days | B13: время доставки заказа (дни). | C13: целое число | F13: 45669 | G13: 34
A14: satisfaction | B14: оценка удовлетворённости клиента. | C14: целое число | F14: 45670 | G14: 41
F15: 45671 | G15: 31
F16: 45672 | G16: 32
F17: 45673 | G17: 32
F18: 45674 | G18: 24
F19: 45675 | G19: 20
F20: 45676 | G20: 32
F21: 45677 | G21: 25
F22: 45678 | G22: 25
F23: 45679 | G23: 36
F24: 45680 | G24: 25
F25: 45681 | G25: 30
F26: 45682 | G26: 23
... F181: 45837 | G181: 27

Sheet Бизнес анализ

Sheet CAMP
L1: customer_id | M1: campaign_n | N1: campaign
B2: Ранг | C2: Кампания | D2: Всего пользователей | E2: Покупатели | F2: Конверсия, % | G2: Ср. чек покупателей | H2: Общая выручка | I2: Cр.чек посетителей | J2: Индекс эффективности | L2: 2295 | N2: =IFERROR(VLOOKUP(M2,$A$3:$B$10,2,0),"")
A3: CAMP7 | B3: 7 | C3: CAMP7 | D3: 219 | E3: 85 | F3: 38.81 | G3: 113.58 | H3: 9654.04 | I3: 44.08 | J3: 0.92 | L3: 2903 | M3: CAMP3 | N3: =IFERROR(VLOOKUP(M3,$A$3:$B$10,2,0),"") -> 2
A4: CAMP1 | B4: 6 | C4: CAMP1 | D4: 223 | E4: 77 | F4: 34.53 | G4: 113.78 | H4: 8761.27 | I4: 39.29 | J4: 0.66 | L4: 1922 | N4: =IFERROR(VLOOKUP(M4,$A$3:$B$10,2,0),"")
A5: CAMP5 | B5: 5 | C5: CAMP5 | D5: 215 | E5: 83 | F5: 38.6 | G5: 90.79 | H5: 7535.52 | I5: 35.05 | J5: 0.62 | L5: 3627 | N5: =IFERROR(VLOOKUP(M5,$A$3:$B$10,2,0),"")
A6: CAMP6 | B6: 4 | C6: CAMP6 | D6: 205 | E6: 80 | F6: 39.02 | G6: 85.65 | H6: 6851.85 | I6: 33.42 | J6: 0.56 | L6: 2605 | N6: =IFERROR(VLOOKUP(M6,$A$3:$B$10,2,0),"")
A7: CAMP4 | B7: 3 | C7: CAMP4 | D7: 221 | E7: 70 | F7: 31.67 | G7: 108.08 | H7: 7565.65 | I7: 34.23 | J7: 0.42 | L7: 3218 | N7: =IFERROR(VLOOKUP(M7,$A$3:$B$10,2,0),"")
A8: CAMP3 | B8: 2 | C8: CAMP3 | D8: 212 | E8: 66 | F8: 31.13 | G8: 102.51 | H8: 6765.53 | I8: 31.91 | J8: 0.3 | L8: 822 | N8: =IFERROR(VLOOKUP(M8,$A$3:$B$10,2,0),"")
A9: CAMP2 | B9: 1 | C9: CAMP2 | D9: 256 | E9: 77 | F9: 30.08 | G9: 81.7 | H9: 6291.28 | I9: 24.58 | J9: 0.1 | L9: 73 | N9: =IFERROR(VLOOKUP(M9,$A$3:$B$10,2,0),"")
L10: 1902 | N10: =IFERROR(VLOOKUP(M10,$A$3:$B$10,2,0),"")
L11: 4979 | N11: =IFERROR(VLOOKUP(M11,$A$3:$B$10,2,0),"")
L12: 1427 | N12: =IFERROR(VLOOKUP(M12,$A$3:$B$10,2,0),"")
L13: 2633 | M13: CAMP5 | N13: =IFERROR(VLOOKUP(M13,$A$3:$B$10,2,0),"") -> 5
C14: вав | L14: 4777 | N14: =IFERROR(VLOOKUP(M14,$A$3:$B$10,2,0),"")
L15: 4412 | M15: CAMP3 | N15: =IFERROR(VLOOKUP(M15,$A$3:$B$10,2,0),"") -> 2
L16: 2328 | N16: =IFERROR(VLOOKUP(M16,$A$3:$B$10,2,0),"")
L17: 4152 | N17: =IFERROR(VLOOKUP(M17,$A$3:$B$10,2,0),"")
L18: 4130 | M18: CAMP2 | N18: =IFERROR(VLOOKUP(M18,$A$3:$B$10,2,0),"") -> 1
L19: 2612 | N19: =IFERROR(VLOOKUP(M19,$A$3:$B$10,2,0),"")
L20: 2912 | N20: =IFERROR(VLOOKUP(M20,$A$3:$B$10,2,0),"")
L21: 2715 | N21: =IFERROR(VLOOKUP(M21,$A$3:$B$10,2,0),"")
L22: 209 | N22: =IFERROR(VLOOKUP(M22,$A$3:$B$10,2,0),"")
L23: 4726 | M23: CAMP4 | N23: =IFERROR(VLOOKUP(M23,$A$3:$B$10,2,0),"") -> 3
L24: 3318 | N24: =IFERROR(VLOOKUP(M24,$A$3:$B$10,2,0),"")
L25: 953 | N25: =IFERROR(VLOOKUP(M25,$A$3:$B$10,2,0),"")
L26: 1625 | M26: CAMP5 | N26: =IFERROR(VLOOKUP(M26,$A$3:$B$10,2,0),"") -> 5
L27: 1863 | N27: =IFERROR(VLOOKUP(M27,$A$3:$B$10,2,0),"")
L28: 318 | N28: =IFERROR(VLOOKUP(M28,$A$3:$B$10,2,0),"")
L29: 2860 | M29: CAMP3 | N29: =IFERROR(VLOOKUP(M29,$A$3:$B$10,2,0),"") -> 2
L30: 3592 | N30: =IFERROR(VLOOKUP(M30,$A$3:$B$10,2,0),"")
L31: 4420 | N31: =IFERROR(VLOOKUP(M31,$A$3:$B$10,2,0),"")
L32: 4104 | N32: =IFERROR(VLOOKUP(M32,$A$3:$B$10,2,0),"")
L33: 176 | N33: =IFERROR(VLOOKUP(M33,$A$3:$B$10,2,0),"")
L34: 240 | N34: =IFERROR(VLOOKUP(M34,$A$3:$B$10,2,0),"")
L35: 3677 | M35: CAMP4 | N35: =IFERROR(VLOOKUP(M35,$A$3:$B$10,2,0),"") -> 3
L36: 2173 | N36: =IFERROR(VLOOKUP(M36,$A$3:$B$10,2,0),"")
L37: 343 | N37: =IFERROR(VLOOKUP(M37,$A$3:$B$10,2,0),"")
L38: 1106 | M38: CAMP2 | N38: =IFERROR(VLOOKUP(M38,$A$3:$B$10,2,0),"") -> 1
L39: 1691 | N39: =IFERROR(VLOOKUP(M39,$A$3:$B$10,2,0),"")
L40: 4316 | N40: =IFERROR(VLOOKUP(M40,$A$3:$B$10,2,0),"")
L41: 2152 | M41: CAMP4 | N41: =IFERROR(VLOOKUP(M41,$A$3:$B$10,2,0),"") -> 3
L42: 1446 | N42: =IFERROR(VLOOKUP(M42,$A$3:$B$10,2,0),"")
L43: 3620 | N43: =IFERROR(VLOOKUP(M43,$A$3:$B$10,2,0),"")
L44: 3799 | N44: =IFERROR(VLOOKUP(M44,$A$3:$B$10,2,0),"")
L45: 1809 | N45: =IFERROR(VLOOKUP(M45,$A$3:$B$10,2,0),"")
L46: 1096 | M46: CAMP3 | N46: =IFERROR(VLOOKUP(M46,$A$3:$B$10,2,0),"") -> 2
L47: 598 | N47: =IFERROR(VLOOKUP(M47,$A$3:$B$10,2,0),"")
L48: 388 | N48: =IFERROR(VLOOKUP(M48,$A$3:$B$10,2,0),"")
L49: 4511 | N49: =IFERROR(VLOOKUP(M49,$A$3:$B$10,2,0),"")
L50: 603 | M50: CAMP6 | N50: =IFERROR(VLOOKUP(M50,$A$3:$B$10,2,0),"") -> 4
L51: 4171 | N51: =IFERROR(VLOOKUP(M51,$A$3:$B$10,2,0),"")
L52: 671 | N52: =IFERROR(VLOOKUP(M52,$A$3:$B$10,2,0),"")
L53: 834 | N53: =IFERROR(VLOOKUP(M53,$A$3:$B$10,2,0),"")
L54: 1679 | M54: CAMP7 | N54: =IFERROR(VLOOKUP(M54,$A$3:$B$10,2,0),"") -> 7
L55: 3586 | N55: =IFERROR(VLOOKUP(M55,$A$3:$B$10,2,0),"")
L56: 83 | N56: =IFERROR(VLOOKUP(M56,$A$3:$B$10,2,0),"")
L57: 418 | N57: =IFERROR(VLOOKUP(M57,$A$3:$B$10,2,0),"")
L58: 1949 | M58: CAMP6 | N58: =IFERROR(VLOOKUP(M58,$A$3:$B$10,2,0),"") -> 4
L59: 3824 | N59: =IFERROR(VLOOKUP(M59,$A$3:$B$10,2,0),"")
L60: 2288 | N60: =IFERROR(VLOOKUP(M60,$A$3:$B$10,2,0),"")
L61: 2881 | N61: =IFERROR(VLOOKUP(M61,$A$3:$B$10,2,0),"")
L62: 3024 | M62: CAMP1 | N62: =IFERROR(VLOOKUP(M62,$A$3:$B$10,2,0),"") -> 6
L63: 4047 | M63: CAMP3 | N63: =IFERROR(VLOOKUP(M63,$A$3:$B$10,2,0),"") -> 2
L64: 4998 | N64: =IFERROR(VLOOKUP(M64,$A$3:$B$10,2,0),"")
L65: 1615 | N65: =IFERROR(VLOOKUP(M65,$A$3:$B$10,2,0),"")
L66: 4637 | N66: =IFERROR(VLOOKUP(M66,$A$3:$B$10,2,0),"")
L67: 4790 | N67: =IFERROR(VLOOKUP(M67,$A$3:$B$10,2,0),"")
L68: 4917 | N68: =IFERROR(VLOOKUP(M68,$A$3:$B$10,2,0),"")
L69: 2070 | N69: =IFERROR(VLOOKUP(M69,$A$3:$B$10,2,0),"")
L70: 4627 | N70: =IFERROR(VLOOKUP(M70,$A$3:$B$10,2,0),"")
L71: 2891 | M71: CAMP2 | N71: =IFERROR(VLOOKUP(M71,$A$3:$B$10,2,0),"") -> 1
L72: 584 | M72: CAMP5 | N72: =IFERROR(VLOOKUP(M72,$A$3:$B$10,2,0),"") -> 5
L73: 4095 | N73: =IFERROR(VLOOKUP(M73,$A$3:$B$10,2,0),"")
L74: 4240 | N74: =IFERROR(VLOOKUP(M74,$A$3:$B$10,2,0),"")
L75: 849 | N75: =IFERROR(VLOOKUP(M75,$A$3:$B$10,2,0),"")
L76: 3554 | N76: =IFERROR(VLOOKUP(M76,$A$3:$B$10,2,0),"")
L77: 3457 | M77: CAMP6 | N77: =IFERROR(VLOOKUP(M77,$A$3:$B$10,2,0),"") -> 4
L78: 276 | N78: =IFERROR(VLOOKUP(M78,$A$3:$B$10,2,0),"")
L79: 2648 | N79: =IFERROR(VLOOKUP(M79,$A$3:$B$10,2,0),"")
L80: 3164 | N80: =IFERROR(VLOOKUP(M80,$A$3:$B$10,2,0),"")
L81: 2415 | N81: =IFERROR(VLOOKUP(M81,$A$3:$B$10,2,0),"")
L82: 2988 | N82: =IFERROR(VLOOKUP(M82,$A$3:$B$10,2,0),"")
L83: 2583 | N83: =IFERROR(VLOOKUP(M83,$A$3:$B$10,2,0),"")
L84: 2122 | N84: =IFERROR(VLOOKUP(M84,$A$3:$B$10,2,0),"")
L85: 3202 | N85: =IFERROR(VLOOKUP(M85,$A$3:$B$10,2,0),"")
L86: 4697 | M86: CAMP4 | N86: =IFERROR(VLOOKUP(M86,$A$3:$B$10,2,0),"") -> 3
L87: 232 | N87: =IFERROR(VLOOKUP(M87,$A$3:$B$10,2,0),"")
L88: 3881 | M88: CAMP2 | N88: =IFERROR(VLOOKUP(M88,$A$3:$B$10,2,0),"") -> 1
L89: 403 | N89: =IFERROR(VLOOKUP(M89,$A$3:$B$10,2,0),"")
L90: 4112 | N90: =IFERROR(VLOOKUP(M90,$A$3:$B$10,2,0),"")
L91: 3734 | N91: =IFERROR(VLOOKUP(M91,$A$3:$B$10,2,0),"")
L92: 148 | N92: =IFERROR(VLOOKUP(M92,$A$3:$B$10,2,0),"")
L93: 351 | M93: CAMP4 | N93: =IFERROR(VLOOKUP(M93,$A$3:$B$10,2,0),"") -> 3
L94: 4830 | N94: =IFERROR(VLOOKUP(M94,$A$3:$B$10,2,0),"")
L95: 3662 | M95: CAMP4 | N95: =IFERROR(VLOOKUP(M95,$A$3:$B$10,2,0),"") -> 3
L96: 4593 | N96: =IFERROR(VLOOKUP(M96,$A$3:$B$10,2,0),"")
L97: 609 | M97: CAMP2 | N97: =IFERROR(VLOOKUP(M97,$A$3:$B$10,2,0),"") -> 1
L98: 3247 | N98: =IFERROR(VLOOKUP(M98,$A$3:$B$10,2,0),"")
L99: 1692 | N99: =IFERROR(VLOOKUP(M99,$A$3:$B$10,2,0),"")
L100: 4571 | M100: CAMP3 | N100: =IFERROR(VLOOKUP(M100,$A$3:$B$10,2,0),"") -> 2
...

Sheet Трафик
B1: Ранг | C1: Трафик | D1: Всего пользователей | E1: Покупатели | F1: Конверсия, % | G1: Ср. чек покупателей | H1: Общая выручка | I1: Cр.чек посетителей | J1: Индекс эффективности
A2: Email | C2: Email | D2: 737 | E2: 269 | F2: =E2/D2 -> 0.36499322 | G2: 97.6664 | H2: 26272.25 | I2: 35.647558
A3: Organic | C3: Organic | D3: 2199 | E3: 801 | F3: =E3/D3 -> 0.36425648 | G3: 93.2508 | H3: 74693.91 | I3: 33.967217
A4: PaidAds | C4: PaidAds | D4: 1551 | E4: 538 | F4: =E4/D4 -> 0.34687299 | G4: 99.3032 | H4: 53425.14 | I4: 34.445609
A5: Referral | C5: Referral | D5: 513 | E5: 212 | F5: =E5/D5 -> 0.41325536 | G5: 95.5073 | H5: 20247.55 | I5: 39.468908
B7: Все рекламные кампании нацелены на трафик | F7: =A4 -> PaidAds

Sheet Гендер
C2: CAMP7 | E2: CAMP1 | G2: CAMP5
C3: Мужчины | D3: Женщины | E3: Мужчины | F3: Женщины | G3: Мужчины | H3: Женщины
B4: количество | C4: 110 | D4: 104 | E4: 109 | F4: 113 | G4: 99 | H4: 106
B5: конверсия | C5: 43.636364 | D5: 32.692308 | E5: 36.697248 | F5: 32.743363 | G5: 34.343434 | H5: 43.396226
B6: средний чек (покупатели) | C6: 112.265 | D6: 109.19353 | E6: 111.03075 | F6: 116.75784 | G6: 97.684118 | H6: 89.218478
B7: время на сайте | C7: 380.74 | D7: 365.39712 | E7: 409.75046 | F7: 359.57522 | G7: 380.06162 | H7: 402.11226
B8: средний чек (посетители) | C8: 6.1545455 | D8: 6 | E8: 6.0825688 | F8: 6.2035398 | G8: 5.959596 | H8: 6.2641509
B9: срреднее количество купленных позиций | C9: 2.6458333 | D9: 3 | E9: 2.825 | F9: 3.1351351 | G9: 3.0588235 | H9: 3.2826087
B16: Таблица сопряженности оценка удовлетворённости клиента. * Месяц
B17: Частота
D18: Месяц | J18: Итого
D19: январь | E19: февраль | F19: март | G19: апрель | H19: май | I19: июнь
B20: оценка удовлетворённости клиента. | C20: 2 | D20: 2 | E20: 0 | F20: 0 | G20: 2 | H20: 1 | I20: 0 | J20: 5
C21: 3 | D21: 56 | E21: 49 | F21: 45 | G21: 49 | H21: 37 | I21: 48 | J21: 284
C22: 4 | D22: 180 | E22: 168 | F22: 185 | G22: 181 | H22: 191 | I22: 159 | J22: 1064
C23: 5 | D23: 87 | E23: 64 | F23: 86 | G23: 72 | H23: 87 | I23: 71 | J23: 467
B24: Итого | D24: 325 | E24: 281 | F24: 316 | G24: 304 | H24: 316 | I24: 278 | J24: 1820
C26: NPS | D26: =D23/D24-SUM(D20:D21)/D24 -> 0.089230769 | E26: =E23/E24-SUM(E20:E21)/E24 -> 0.053380783 | F26: =F23/F24-SUM(F20:F21)/F24 -> 0.12974684 | G26: =G23/G24-SUM(G20:G21)/G24 -> 0.069078947 | H26: =H23/H24-SUM(H20:H21)/H24 -> 0.15506329 | I26: =I23/I24-SUM(I20:I21)/I24 -> 0.082733813 | J26: =J23/J24-SUM(J20:J21)/J24 -> 0.097802198

Sheet Лист7
A1: campaign | B1: purchase_amount | H1: campaign | I1: купили | J1: всего | K1: конверсия
A2: 0 | B2: 43 | E2: конверсия | F2: =I2/D3 -> 0.37170194 | H2: 0 | I2: =COUNTIFS(A:A,H2,B:B,">0") -> 1282 | J2: =COUNTIF(A:A,H2) -> 3449 | K2: =I2/J2 -> 0.37170194
A3: CAMP3 | B3: 294 | D3: =COUNTIFS(A:A,0) -> 3449 | H3: CAMP3 | I3: =COUNTIFS(A:A,H3,B:B,">0") -> 66 | J3: =COUNTIF(A:A,H3) -> 212 | K3: =I3/J3 -> 0.31132075
A4: 0 | B4: 81.55 | H4: CAMP5 | I4: =COUNTIFS(A:A,H4,B:B,">0") -> 83 | J4: =COUNTIF(A:A,H4) -> 215 | K4: =I4/J4 -> 0.38604651
A5: 0 | B5: 60.45 | H5: CAMP2 | I5: =COUNTIFS(A:A,H5,B:B,">0") -> 77 | J5: =COUNTIF(A:A,H5) -> 256 | K5: =I5/J5 -> 0.30078125
A6: 0 | B6: 45.87 | H6: CAMP4 | I6: =COUNTIFS(A:A,H6,B:B,">0") -> 70 | J6: =COUNTIF(A:A,H6) -> 221 | K6: =I6/J6 -> 0.31674208
A7: 0 | B7: 41.92 | H7: CAMP6 | I7: =COUNTIFS(A:A,H7,B:B,">0") -> 80 | J7: =COUNTIF(A:A,H7) -> 205 | K7: =I7/J7 -> 0.3902439
A8: 0 | B8: 32.4 | H8: CAMP7 | I8: =COUNTIFS(A:A,H8,B:B,">0") -> 85 | J8: =COUNTIF(A:A,H8) -> 219 | K8: =I8/J8 -> 0.38812785
A9: 0 | B9: 23.42 | H9: CAMP1 | I9: =COUNTIFS(A:A,H9,B:B,">0") -> 77 | J9: =COUNTIF(A:A,H9) -> 223 | K9: =I9/J9 -> 0.34529148
A10: 0 | B10: 23.34
A11: 0 | B11: 20.94
A12: 0 | B12: 20.31
A13: CAMP5 | B13: 0
A14: 0 | B14: 0
A15: CAMP3 | B15: 0
A16: 0 | B16: 0
A17: 0 | B17: 0
A18: CAMP2 | B18: 0
A19: 0 | B19: 0
A20: 0 | B20: 0
A21: 0 | B21: 0
A22: 0 | B22: 0
A23: CAMP4 | B23: 0
A24: 0 | B24: 0
A25: 0 | B25: 289
A26: CAMP5 | B26: 156.98
A27: 0 | B27: 38.58
A28: 0 | B28: 37.2
A29: CAMP3 | B29: 29.49
A30: 0 | B30: 24.62
A31: 0 | B31: 16.76
A32: 0 | B32: 0
A33: 0 | B33: 0
A34: 0 | B34: 0
A35: CAMP4 | B35: 0
A36: 0 | B36: 0
A37: 0 | B37: 0
A38: CAMP2 | B38: 0
A39: 0 | B39: 0
A40: 0 | B40: 0
A41: CAMP4 | B41: 0
A42: 0 | B42: 0
A43: 0 | B43: 0
A44: 0 | B44: 0
A45: 0 | B45: 0
A46: CAMP3 | B46: 0
A47: 0 | B47: 0
A48: 0 | B48: 0
A49: 0 | B49: 0
A50: CAMP6 | B50: 0
A51: 0 | B51: 0
A52: 0 | B52: 0
A53: 0 | B53: 0
A54: CAMP7 | B54: 0
A55: 0 | B55: 157.19
A56: 0 | B56: 96.31
A57: 0 | B57: 91.56
A58: CAMP6 | B58: 67.61
A59: 0 | B59: 45.03
A60: 0 | B60: 40.79
A61: 0 | B61: 39.94
A62: CAMP1 | B62: 37.02
A63: CAMP3 | B63: 35.09
A64: 0 | B64: 16.94
A65: 0 | B65: 16.35
A66: 0 | B66: 0
A67: 0 | B67: 0
A68: 0 | B68: 0
A69: 0 | B69: 0
A70: 0 | B70: 0
A71: CAMP2 | B71: 0
A72: CAMP5 | B72: 0
A73: 0 | B73: 0
A74: 0 | B74: 0
A75: 0 | B75: 204.32
A76: 0 | B76: 109.36
A77: CAMP6 | B77: 80.47
A78: 0 | B78: 75.97
A79: 0 | B79: 69.04
A80: 0 | B80: 62.57
A81: 0 | B81: 58.74
A82: 0 | B82: 46.19
A83: 0 | B83: 43.82
A84: 0 | B84: 43.34
A85: 0 | B85: 32.09
A86: CAMP4 | B86: 18.82
A87: 0 | B87: 0
A88: CAMP2 | B88: 0
A89: 0 | B89: 0
A90: 0 | B90: 0
A91: 0 | B91: 0
A92: 0 | B92: 0
A93: CAMP4 | B93: 0
A94: 0 | B94: 0
A95: CAMP4 | B95: 0
A96: 0 | B96: 0
A97: CAMP2 | B97: 0
A98: 0 | B98: 0
A99: 0 | B99: 0
A100: CAMP3 | B100: 0
...
